epoch,train_loss,val_loss,dice_wt,dice_tc,dice_et,dice_total,precision_wt,precision_tc,precision_et,precision_total,recall_wt,recall_tc,recall_et,recall_total,f1_wt,f1_tc,f1_et,f1_total,specificity_wt,specificity_tc,specificity_et,boundary_dice_wt,boundary_dice_tc,boundary_dice_et,val_loss,val_accuracy
1,0.820350566,0.77535324,4.42E-05,0.136571878,0.041900076,0.059505395,2.42E-05,0.074689929,0.022309382,0.032341164,0.000259081,0.796420522,0.343829251,0.380169618,4.42E-05,0.136571872,0.041900076,0.059505393,0.970631442,0.933857624,0.970946189,0.000219633,0.060918266,0.007709742,0.0772,0.9954
2,0.720627459,0.717604446,0.005221918,0.236279854,0.050510322,0.097337365,0.003143763,0.152058119,0.026329753,0.060510545,0.015405733,0.529631171,0.618804015,0.387946973,0.005221918,0.236279845,0.050510322,0.097337362,0.986609984,0.980201052,0.955877043,0.027189451,0.078880466,0.016757072,0.0772,0.9954
3,0.578698321,0.636767585,0.059974872,0.196957861,0.136297996,0.13107691,0.049902801,0.123515036,0.078182018,0.083866618,0.07514083,0.485843387,0.531049117,0.364011111,0.059974872,0.196957854,0.136297996,0.131076907,0.996078654,0.976888239,0.987926884,0.097711168,0.107437925,0.069812876,0.0772,0.9954
4,0.469049298,0.608547598,0.187456751,0.231712324,0.167307337,0.195492138,0.166304056,0.157579081,0.10126479,0.141715976,0.214774548,0.437565442,0.481012589,0.377784193,0.187456751,0.231712324,0.167307337,0.195492138,0.997048766,0.984318569,0.991768554,0.128815564,0.122828035,0.12838452,0.0772,0.9954
5,0.409413555,0.589390529,0.176977907,0.221568479,0.099805338,0.166117241,0.136653688,0.146512002,0.054678473,0.112614721,0.251062148,0.454302754,0.571338671,0.425567857,0.176977907,0.221568479,0.099805338,0.166117241,0.995652286,0.982258853,0.980954027,0.087555615,0.102179076,0.072865214,0.0772,0.9954
6,0.377433793,0.573070488,0.182119752,0.228557126,0.100454992,0.17037729,0.119050665,0.148542026,0.055734624,0.107775771,0.387296651,0.495430643,0.508324972,0.463684089,0.182119752,0.228557126,0.100454992,0.17037729,0.992144409,0.980962547,0.983394314,0.094355952,0.115568483,0.101069173,0.0772,0.9954
7,0.363948933,0.577917539,0.174011868,0.212619246,0.087594849,0.158075321,0.105641669,0.143533543,0.048004423,0.099059878,0.493216509,0.409924505,0.499755371,0.467632128,0.174011868,0.212619246,0.087594849,0.158075321,0.988554628,0.983602677,0.980890139,0.069292496,0.091934575,0.062815876,0.0772,0.9954
8,0.345818787,0.572207875,0.201281942,0.21293267,0.108394327,0.17420298,0.130387485,0.154201246,0.060356074,0.114981602,0.441138182,0.343925256,0.531121263,0.438728234,0.201281942,0.21293267,0.108394327,0.17420298,0.991935443,0.987353937,0.984056546,0.096734213,0.145899757,0.108880098,0.0772,0.9954
9,0.325403608,0.54655139,0.297937702,0.225818505,0.171681983,0.23181273,0.267119429,0.150977703,0.09997082,0.172689317,0.33679458,0.447792923,0.607338877,0.46397546,0.297937702,0.225818515,0.171681983,0.231812733,0.997467154,0.983119099,0.989457083,0.07677825,0.094888801,0.099344283,0.0772,0.9954
10,0.311266788,0.525456716,0.289243096,0.290550917,0.240109945,0.273301319,0.279576852,0.19488381,0.150965942,0.208475535,0.299601689,0.570707023,0.586335927,0.485548213,0.289243096,0.290550917,0.240109945,0.273301319,0.997883849,0.984194504,0.993641729,0.096671082,0.108145999,0.109817119,0.0772,0.9954
11,0.308536094,0.527862016,0.275519283,0.384382499,0.289981583,0.316627788,0.311530114,0.337380992,0.195639343,0.281516816,0.246971054,0.446599553,0.560053594,0.417874734,0.275519283,0.384382499,0.289981583,0.316627788,0.998503947,0.994120049,0.995560127,0.175542665,0.140178623,0.207049299,0.0772,0.9954
12,0.29734696,0.520869601,0.291726941,0.309603589,0.266317323,0.289215951,0.249920376,0.216439375,0.179648295,0.215336016,0.350329977,0.543584013,0.51456044,0.469491477,0.291726941,0.309603589,0.266317323,0.289215951,0.997117967,0.986807864,0.995469358,0.133838227,0.161522694,0.162942903,0.0772,0.9954
13,0.291999991,0.526660554,0.239489444,0.254164024,0.125288269,0.206313912,0.167296311,0.170605734,0.069673068,0.135858371,0.421286665,0.498140299,0.620948992,0.513458652,0.239489444,0.254164024,0.125288269,0.206313912,0.99425225,0.983765789,0.984012779,0.131246225,0.129829171,0.174824563,0.0772,0.9954
14,0.281807889,0.535051578,0.262735848,0.353333473,0.244356455,0.286808592,0.212710395,0.270751965,0.164424503,0.215962288,0.343526852,0.508399318,0.475523437,0.442483202,0.262735848,0.353333473,0.244356455,0.286808592,0.996514842,0.990820464,0.99534052,0.150362315,0.131067713,0.277622526,0.0772,0.9954
15,0.283710523,0.520355231,0.277515629,0.303355776,0.225919793,0.268930399,0.247927967,0.24424305,0.136249129,0.209473382,0.315122238,0.400218279,0.660849927,0.458730148,0.277515629,0.303355776,0.225919793,0.268930399,0.997379833,0.991698263,0.991921997,0.100234147,0.13185736,0.132781201,0.0772,0.9954
16,0.273443573,0.518293581,0.304925972,0.368820444,0.343450935,0.339065784,0.277214583,0.291047237,0.26581911,0.278026977,0.338792963,0.503315714,0.485132788,0.442413822,0.304925972,0.368820444,0.343450935,0.339065784,0.997578727,0.991781238,0.997416408,0.139710368,0.145405416,0.209503401,0.0772,0.9954
17,0.261534234,0.483584224,0.301313753,0.285316771,0.249311391,0.278647305,0.204957756,0.197012096,0.158575146,0.186848332,0.568651847,0.517083882,0.582771676,0.556169135,0.301313753,0.285316771,0.249311391,0.278647305,0.993953719,0.985871722,0.994037546,0.063750557,0.105025747,0.092259419,0.0772,0.9954
18,0.252714885,0.48902245,0.354584658,0.299636036,0.317882912,0.324034536,0.294986611,0.215043701,0.221480125,0.243836812,0.444361973,0.493937661,0.562889717,0.50039645,0.354584658,0.299636036,0.317882912,0.324034536,0.997088961,0.987913432,0.996184911,0.149774215,0.173964484,0.231667312,0.0772,0.9954
19,0.242080948,0.474106421,0.321924985,0.427897113,0.301135342,0.350319147,0.293111248,0.357197592,0.201682125,0.283996988,0.357021274,0.533489868,0.594094341,0.494868494,0.321924985,0.427897113,0.301135342,0.350319147,0.997639909,0.99356413,0.9954657,0.167102268,0.18635141,0.327155686,0.0772,0.9954
20,0.235686588,0.489458369,0.310783386,0.299816229,0.164230635,0.25827675,0.238351059,0.212347316,0.093094624,0.181264333,0.446456818,0.50981731,0.696263872,0.550846,0.310783386,0.299816229,0.164230635,0.25827675,0.996089492,0.987323053,0.98692151,0.140677228,0.151705838,0.165564926,0.0772,0.9954
21,0.235898284,0.473709257,0.28118856,0.314555717,0.16388302,0.253209099,0.197999145,0.234598407,0.092366214,0.174987922,0.484933591,0.47719702,0.726028004,0.562719538,0.28118856,0.314555717,0.16388302,0.253209099,0.994615941,0.989563037,0.986243839,0.15255043,0.187776186,0.214016861,0.0772,0.9954
22,0.226401327,0.475789586,0.313628538,0.249054246,0.165388899,0.242690561,0.213748888,0.178576307,0.093582539,0.161969244,0.588725738,0.411432555,0.710754289,0.570304194,0.313628538,0.249054246,0.165388899,0.242690561,0.994064102,0.98731314,0.986726077,0.109986692,0.142869442,0.153799102,0.0772,0.9954
23,0.228062461,0.475309416,0.341060721,0.31269251,0.368806164,0.340853132,0.316367662,0.201917342,0.304575762,0.274286922,0.36993479,0.692742434,0.467366704,0.510014643,0.341060721,0.312692522,0.368806164,0.340853136,0.997808852,0.981644841,0.997942411,0.133001277,0.152945455,0.215662385,0.0772,0.9954
24,0.225100549,0.487839949,0.261867195,0.215753487,0.1146557,0.197425461,0.170559763,0.141471732,0.06201591,0.124682469,0.56356711,0.454279275,0.758360287,0.592068891,0.261867195,0.215753478,0.1146557,0.197425458,0.992487748,0.981519234,0.977883606,0.117551483,0.170094745,0.229425378,0.0772,0.9954
25,0.224989836,0.497844277,0.283096612,0.430775891,0.440023688,0.384632063,0.401911708,0.328192534,0.421575293,0.383893178,0.218501989,0.626647519,0.4601606,0.43510337,0.283096612,0.430775891,0.440023688,0.384632063,0.999108737,0.991400928,0.998782616,0.152403341,0.194126386,0.233783923,0.0772,0.9954
26,0.217310796,0.452445379,0.357664931,0.470671534,0.339039107,0.389125191,0.269441638,0.434626653,0.23987164,0.314646644,0.531788463,0.513235698,0.577991858,0.54100534,0.357664931,0.470671534,0.339039107,0.389125191,0.996047743,0.995524434,0.996468362,0.151643521,0.20694655,0.261371918,0.0772,0.9954
27,0.217215851,0.437396458,0.372106101,0.389586642,0.389753487,0.38381541,0.29196534,0.294027805,0.294348194,0.293447113,0.512887053,0.577164816,0.57666413,0.555572,0.372106101,0.389586642,0.389753487,0.38381541,0.996590733,0.990710098,0.997334379,0.141703918,0.162336442,0.274917067,0.0772,0.9954
28,0.213043872,0.456084322,0.353420545,0.535118804,0.345051856,0.411197068,0.308797044,0.583155753,0.252067141,0.38133998,0.413119416,0.494393563,0.546736913,0.484749964,0.353420545,0.535118804,0.345051856,0.411197068,0.997465315,0.99763095,0.996871968,0.151967287,0.191858359,0.29523486,0.0772,0.9954
29,0.209706241,0.45195113,0.389506185,0.402113315,0.359632238,0.383750579,0.468030681,0.301039548,0.26094262,0.343337617,0.33354518,0.605363628,0.578376838,0.505761882,0.389506185,0.402113315,0.359632238,0.383750579,0.998960839,0.990577688,0.996841431,0.138674329,0.157369507,0.167410741,0.0772,0.9954
30,0.207474368,0.437897611,0.360841903,0.36452236,0.2263234,0.317229221,0.256618453,0.274988231,0.134967798,0.222191494,0.60762288,0.540507639,0.700408928,0.616179816,0.360841903,0.36452236,0.2263234,0.317229221,0.995175259,0.990446887,0.99134434,0.149165031,0.176863784,0.195846951,0.0772,0.9954
31,0.20490445,0.452911513,0.329808926,0.338737205,0.233555281,0.300700471,0.247356378,0.247777276,0.140387678,0.211840444,0.494714656,0.535217459,0.694371709,0.574767942,0.329808926,0.338737205,0.233555281,0.300700471,0.995873925,0.989107505,0.991801922,0.174850045,0.224667616,0.404331821,0.0772,0.9954
32,0.201226408,0.496890893,0.23451782,0.272446841,0.13709225,0.214685637,0.146905526,0.211937136,0.075790894,0.144877852,0.581043786,0.381315345,0.717092823,0.559817318,0.23451782,0.272446841,0.13709225,0.214685637,0.990751232,0.990495042,0.983139325,0.176664016,0.197849034,0.362448855,0.0772,0.9954
33,0.203124251,0.476401691,0.234105404,0.28190478,0.090272955,0.20209438,0.14838273,0.205058891,0.047752148,0.133731256,0.554375486,0.450867545,0.824019134,0.609754055,0.234105404,0.28190478,0.090272952,0.202094379,0.991278702,0.988282973,0.968315944,0.171072064,0.175037784,0.350707403,0.0772,0.9954
34,0.188181051,0.445195569,0.330286103,0.389838682,0.204022416,0.308049067,0.241765308,0.316036716,0.11859726,0.225466428,0.521073937,0.508611325,0.729423105,0.586369456,0.330286103,0.389838682,0.204022416,0.308049067,0.995520546,0.99262107,0.989547369,0.165854502,0.222735971,0.290645872,0.0772,0.9954
35,0.183294777,0.437653987,0.349034309,0.397474552,0.238552425,0.328353762,0.271977989,0.312117887,0.142577778,0.242224551,0.487014351,0.547090533,0.729828093,0.587977659,0.349034309,0.397474552,0.238552425,0.328353762,0.996426708,0.99191711,0.991537282,0.192231027,0.226011917,0.339331161,0.0772,0.9954
36,0.180776542,0.423145154,0.367162678,0.41610201,0.319045866,0.367436852,0.273249087,0.331925438,0.208315493,0.271163339,0.559436748,0.557479209,0.681068972,0.59932831,0.367162678,0.41610201,0.319045866,0.367436852,0.995921562,0.992478141,0.995009224,0.175502206,0.237087401,0.285617712,0.0772,0.9954
37,0.179512791,0.461911267,0.212084667,0.293800058,0.126072609,0.210652444,0.127423516,0.217620731,0.068601035,0.137881761,0.631970973,0.452038663,0.777100644,0.620370093,0.212084667,0.293800058,0.126072609,0.210652444,0.98813775,0.989105564,0.979656357,0.157676785,0.181296364,0.276575363,0.0772,0.9954
38,0.178253903,0.460678347,0.246988415,0.295089117,0.163196579,0.23509137,0.167852167,0.194888113,0.091696298,0.151478859,0.467306673,0.607362098,0.740964027,0.605210932,0.246988415,0.295089117,0.163196579,0.23509137,0.99364974,0.983179818,0.985847838,0.164334288,0.214545645,0.267926985,0.0772,0.9954
39,0.176889786,0.443136692,0.32789776,0.35560289,0.243054488,0.308851713,0.25332102,0.257909257,0.145442129,0.218890802,0.464705189,0.572436542,0.739087021,0.592076251,0.32789776,0.35560289,0.243054488,0.308851713,0.996245464,0.988958463,0.991626766,0.134321437,0.184668158,0.266186895,0.0772,0.9954
40,0.176333908,0.429156493,0.361428034,0.507854473,0.381323142,0.41686855,0.319244009,0.448206565,0.274615614,0.347355396,0.416457595,0.585815563,0.623658404,0.541977187,0.361428034,0.507854473,0.381323142,0.41686855,0.997565804,0.99516528,0.996823593,0.145715544,0.215609677,0.252201781,0.0772,0.9954
41,0.174681132,0.424999732,0.362858555,0.40397512,0.316348292,0.361060656,0.261584713,0.31820919,0.207130494,0.262308132,0.592088673,0.553032151,0.669222491,0.604781105,0.362858555,0.40397512,0.316348292,0.361060656,0.995418675,0.992056701,0.995060596,0.192970615,0.232563306,0.330296801,0.0772,0.9954
42,0.172080526,0.431285866,0.37209782,0.406702685,0.304798694,0.361199733,0.302106239,0.311186354,0.196371373,0.269887989,0.484299759,0.586823909,0.680588808,0.583904159,0.37209782,0.406702685,0.304798694,0.361199733,0.996933381,0.991292347,0.994629578,0.119352691,0.167712785,0.196186902,0.0772,0.9954
43,0.167551879,0.449533755,0.266493447,0.306518133,0.190699518,0.254570366,0.174521104,0.209930518,0.109450075,0.164633899,0.563409185,0.567724212,0.740127983,0.623753794,0.266493447,0.306518133,0.190699518,0.254570366,0.992695374,0.985676827,0.988388311,0.189027873,0.208876471,0.307028999,0.0772,0.9954
44,0.166074181,0.426046414,0.378575468,0.518307841,0.367734327,0.421539212,0.31635666,0.483532504,0.25861885,0.352836004,0.471259477,0.558472837,0.63612631,0.555286208,0.378575468,0.518307841,0.367734327,0.421539212,0.997208557,0.996001183,0.99648382,0.198842192,0.196233207,0.310044512,0.0772,0.9954
45,0.165202506,0.432672707,0.34551475,0.440099967,0.341680214,0.375764977,0.247450795,0.376375638,0.230076076,0.28463417,0.572325509,0.529800777,0.663553277,0.588559854,0.34551475,0.440099967,0.341680214,0.375764977,0.995229047,0.994115274,0.995718475,0.15797649,0.217835969,0.274046691,0.0772,0.9954
46,0.164459112,0.466192524,0.205416941,0.286699049,0.113619014,0.201911668,0.123584979,0.202727373,0.061203284,0.129171878,0.608014703,0.489422795,0.791329758,0.629589086,0.205416941,0.286699049,0.113619009,0.201911666,0.988181177,0.987096998,0.976595427,0.167491934,0.172695497,0.158177323,0.0772,0.9954
47,0.163893057,0.451349961,0.430238933,0.574141019,0.562696333,0.522358762,0.601332122,0.598640395,0.640001515,0.613324677,0.334940463,0.551568078,0.502053734,0.462854091,0.430238933,0.574141019,0.562696333,0.522358762,0.999391332,0.997520987,0.999455477,0.213472392,0.238291281,0.300665478,0.0772,0.9954
48,0.163029237,0.465170525,0.227101747,0.323458843,0.13397833,0.22817964,0.14058626,0.262379208,0.073128841,0.158698103,0.590474004,0.421604845,0.797899281,0.603326043,0.227101747,0.323458843,0.133978337,0.228179642,0.990105902,0.992054496,0.980500426,0.212235912,0.235477337,0.399829333,0.0772,0.9954
49,0.161790889,0.427975151,0.357576247,0.458857755,0.35479372,0.390409241,0.278540273,0.374872418,0.242114907,0.298509199,0.49923428,0.591339826,0.663654524,0.584742877,0.357576247,0.458857755,0.35479372,0.390409241,0.996455585,0.993389498,0.995994375,0.194823298,0.257108034,0.332018094,0.0772,0.9954
50,0.161243022,0.435997794,0.350222992,0.416563002,0.319136984,0.361974326,0.269587969,0.329619217,0.209446081,0.269551089,0.499679456,0.565805815,0.670060354,0.578515208,0.350222992,0.416563002,0.319136984,0.361974326,0.996289137,0.992285842,0.995123373,0.180454882,0.205461168,0.280932849,0.0772,0.9954
51,0.160928654,0.441904268,0.341490346,0.432236671,0.282177828,0.351968282,0.257989577,0.365884164,0.176749014,0.266874252,0.504908886,0.527986105,0.699306126,0.577400372,0.341490346,0.432236671,0.282177828,0.351968282,0.996019507,0.993865777,0.993719576,0.137721966,0.17183004,0.184415493,0.0772,0.9954
52,0.160681277,0.429476097,0.36111311,0.442781441,0.372679277,0.392191276,0.279562219,0.347559998,0.261115466,0.296079228,0.509837406,0.609867631,0.650693722,0.59013292,0.36111311,0.442781441,0.372679277,0.392191276,0.996398647,0.992325352,0.996449684,0.202898749,0.220147325,0.270181334,0.0772,0.9954
53,0.160450333,0.451632638,0.281173939,0.364308025,0.214443401,0.286641788,0.187052719,0.285417649,0.125185935,0.199218768,0.565947499,0.503468324,0.74718737,0.605534398,0.281173939,0.364308025,0.214443401,0.286641788,0.993257973,0.991550019,0.989932164,0.206234657,0.248662797,0.394223211,0.0772,0.9954
54,0.160165194,0.436706257,0.354097688,0.398711342,0.316360488,0.356389839,0.279713573,0.299099584,0.207350246,0.262054468,0.482375643,0.597802875,0.667047201,0.582408573,0.354097688,0.398711342,0.316360488,0.356389839,0.996595188,0.990609026,0.995083232,0.221403896,0.227560473,0.374345884,0.0772,0.9954
55,0.159692274,0.456974568,0.265565051,0.345684064,0.190435226,0.267228114,0.175017201,0.264987888,0.108965932,0.18299034,0.550240429,0.497049428,0.754672358,0.600654072,0.265565051,0.345684064,0.190435226,0.267228114,0.992890605,0.990757698,0.988101057,0.244188244,0.245470938,0.335336478,0.0772,0.9954
56,0.15959035,0.461982278,0.201947629,0.298769306,0.133867289,0.211528075,0.120924029,0.217268644,0.073254741,0.137149138,0.61203153,0.478118635,0.775689251,0.621946472,0.201947629,0.298769306,0.133867289,0.211528075,0.987804388,0.988453152,0.981078359,0.227827845,0.252593235,0.334683707,0.0772,0.9954
57,0.159499339,0.434523529,0.341671963,0.451492229,0.313026955,0.368730382,0.243443102,0.413572612,0.201892476,0.28630273,0.572792879,0.4970673,0.696332987,0.588731055,0.341671963,0.451492229,0.313026955,0.368730382,0.995120697,0.995275131,0.994692321,0.164330339,0.191653182,0.203542041,0.0772,0.9954
58,0.159429086,0.465452663,0.228309599,0.344871496,0.187451715,0.25354427,0.139727111,0.291355367,0.106844943,0.17930914,0.623741834,0.422470918,0.763325624,0.603179459,0.228309599,0.344871496,0.187451715,0.25354427,0.989473683,0.993111663,0.987696488,0.144515226,0.192700615,0.194192023,0.0772,0.9954
59,0.159320294,0.428305805,0.351872318,0.437865833,0.391955802,0.393897984,0.271911161,0.342172928,0.286457389,0.300180492,0.498452768,0.607861978,0.620464583,0.57559311,0.351872318,0.437865833,0.391955802,0.393897984,0.996341548,0.992166007,0.997019952,0.19692894,0.225562817,0.355529987,0.0772,0.9954
60,0.159256919,0.445608384,0.274262301,0.321530116,0.244004067,0.279932162,0.178698831,0.226560303,0.146984653,0.184081262,0.58952475,0.55358074,0.717796094,0.620300528,0.274262301,0.321530116,0.244004067,0.279932162,0.99257325,0.987331193,0.99196784,0.224659645,0.241058673,0.360990299,0.0772,0.9954
61,0.159110126,0.432426999,0.354858127,0.438354489,0.296412203,0.363208273,0.274800302,0.371336822,0.187277418,0.277804847,0.50073883,0.534889637,0.710384465,0.582004311,0.354858127,0.438354489,0.296412203,0.363208273,0.996377839,0.993929474,0.994055754,0.196620716,0.200698887,0.366145895,0.0772,0.9954
62,0.159076123,0.452865335,0.278968811,0.377366121,0.195236039,0.28385699,0.185349871,0.318135548,0.111735191,0.205073537,0.563679364,0.463697452,0.772631234,0.600002684,0.278968811,0.377366121,0.195236039,0.28385699,0.993209105,0.99333757,0.988156744,0.193818064,0.227102855,0.277051889,0.0772,0.9954
63,0.159051117,0.432014638,0.359962286,0.505869529,0.407881073,0.424570963,0.274845356,0.464873797,0.303404009,0.347707721,0.521450394,0.554795135,0.622101507,0.566115679,0.359962286,0.505869529,0.407881073,0.424570963,0.996228872,0.995718796,0.997245979,0.109324172,0.172324785,0.172749434,0.0772,0.9954
64,0.159026096,0.424383437,0.367256501,0.435626731,0.378872592,0.393918608,0.29393541,0.341759448,0.267580787,0.301091881,0.489314071,0.600581914,0.648663936,0.579519974,0.367256501,0.435626731,0.378872592,0.393918608,0.996778217,0.992245595,0.996576495,0.105330047,0.185654636,0.21601047,0.0772,0.9954
65,0.158995493,0.440315313,0.364031708,0.520642724,0.475342401,0.453338944,0.341403431,0.461192094,0.423414711,0.408670079,0.389872525,0.597688637,0.541787339,0.509782834,0.364031708,0.520642724,0.475342401,0.453338944,0.997938467,0.995318994,0.998577433,0.200794561,0.209545016,0.324663615,0.0772,0.9954
66,0.158975276,0.445861856,0.310512943,0.380943481,0.270405118,0.320620514,0.214927597,0.295029797,0.166848019,0.225601804,0.55921352,0.537451063,0.712844095,0.603169559,0.310512943,0.380943481,0.270405118,0.320620514,0.99440099,0.991390936,0.993136524,0.107094815,0.159965624,0.145097451,0.0772,0.9954
67,0.15892201,0.438035232,0.349280651,0.439093598,0.299040157,0.362471469,0.261687464,0.373285426,0.19030786,0.275093583,0.525016497,0.533071111,0.697631613,0.58523974,0.349280651,0.439093598,0.299040157,0.362471469,0.995939811,0.994000349,0.994276842,0.224359141,0.213190113,0.3920796,0.0772,0.9954
68,0.158913717,0.438038045,0.318302114,0.379778815,0.316422668,0.338167866,0.222059509,0.284674464,0.205905494,0.237546489,0.561784699,0.57030789,0.683030856,0.605041148,0.318302114,0.379778815,0.316422668,0.338167866,0.994605354,0.990393245,0.994920851,0.145567495,0.190597035,0.243202712,0.0772,0.9954
69,0.158906542,0.447777358,0.316788304,0.374583625,0.29449196,0.328621296,0.228401371,0.275377011,0.188826668,0.23086835,0.516767297,0.585522433,0.668675031,0.590321587,0.316788304,0.374583625,0.29449196,0.328621296,0.995214759,0.989671433,0.994461249,0.257554816,0.255858059,0.409115744,0.0772,0.9954
70,0.158900883,0.45522733,0.294396798,0.37640126,0.207049469,0.292615842,0.202696044,0.311350369,0.120042687,0.211363033,0.537618006,0.47581372,0.752356413,0.588596046,0.294396798,0.37640126,0.207049469,0.292615842,0.994203465,0.992944984,0.989366018,0.186523867,0.194519161,0.283134851,0.0772,0.9954
71,0.158891712,0.433898624,0.340203767,0.36456018,0.316753754,0.340505901,0.24678093,0.262169525,0.206399404,0.238449953,0.547449436,0.598180282,0.680699148,0.608776289,0.340203767,0.36456018,0.316753754,0.340505901,0.995419955,0.988714558,0.994953444,0.173518263,0.193648816,0.327326872,0.0772,0.9954
72,0.158883274,0.44588578,0.296752547,0.365274199,0.262663,0.308229916,0.200271036,0.279938571,0.160351211,0.213520273,0.572610199,0.525451136,0.725684856,0.607915397,0.296752547,0.365274199,0.262663,0.308229916,0.993732422,0.990939519,0.992673107,0.209926751,0.253666164,0.36536424,0.0772,0.9954
73,0.158867856,0.422204796,0.374737715,0.494063663,0.406709416,0.425170265,0.311844461,0.422468113,0.298114524,0.344142366,0.469408774,0.594877359,0.639754219,0.56801345,0.374737715,0.494063663,0.406709416,0.425170265,0.99716067,0.99454843,0.997095692,0.228127439,0.241278453,0.347342729,0.0772,0.9954
74,0.158865385,0.45730426,0.210625285,0.274170933,0.205258115,0.230018111,0.126844119,0.182125973,0.119343903,0.142771332,0.620407496,0.554319434,0.732770919,0.635832616,0.210625285,0.274170944,0.205258115,0.230018115,0.988293839,0.983312674,0.989573928,0.11855447,0.181617271,0.138447565,0.0772,0.9954
75,0.158861938,0.444921792,0.301241062,0.367228175,0.249390614,0.305953284,0.206147762,0.284039801,0.150337721,0.213508428,0.55918663,0.519326246,0.731070336,0.603194404,0.301241062,0.367228175,0.249390614,0.305953284,0.994097529,0.991224698,0.9920332,0.184346442,0.197235158,0.329226464,0.0772,0.9954
76,0.158860299,0.422547023,0.382964035,0.498519525,0.353130797,0.411538119,0.3030301,0.486709185,0.237538693,0.342425993,0.520177609,0.510917291,0.687860389,0.572985096,0.382964035,0.498519525,0.353130797,0.411538119,0.996720588,0.996387926,0.99574274,0.213063407,0.241890039,0.355905387,0.0772,0.9954
77,0.158858607,0.450656246,0.262159159,0.325056112,0.268146662,0.285120645,0.165234115,0.243027076,0.164604734,0.190955308,0.634141792,0.490673284,0.72283297,0.615882682,0.262159159,0.325056112,0.268146662,0.285120645,0.991218527,0.98975457,0.992926505,0.186691452,0.194912227,0.340302953,0.0772,0.9954
78,0.158856022,0.461943373,0.26785019,0.367092614,0.223059067,0.286000624,0.17615898,0.293547591,0.1318644,0.200523657,0.558606151,0.489808612,0.723229469,0.590548078,0.26785019,0.367092614,0.223059067,0.286000624,0.99283922,0.992097893,0.990819158,0.187977945,0.24311262,0.32233718,0.0772,0.9954
79,0.158854503,0.441421591,0.295642729,0.3633015,0.278963015,0.312635748,0.194105252,0.281981086,0.171961851,0.216016063,0.619932869,0.510534278,0.738461958,0.622976368,0.295642729,0.3633015,0.278963015,0.312635748,0.992944924,0.99128529,0.993143654,0.215264609,0.231594489,0.380143155,0.0772,0.9954
80,0.15884932,0.434747951,0.351695033,0.453371191,0.383532197,0.396199474,0.279852804,0.35537739,0.278598626,0.304609607,0.473162678,0.625983466,0.615273715,0.571473286,0.351695033,0.453371191,0.383532197,0.396199474,0.996662524,0.992388141,0.99692806,0.149970148,0.191155673,0.242099363,0.0772,0.9954
81,0.158848893,0.442447611,0.318257829,0.414184893,0.251302015,0.327914912,0.220764651,0.372222076,0.150837573,0.247941433,0.569962192,0.466811322,0.752500099,0.596424537,0.318257829,0.414184893,0.251302015,0.327914912,0.994485563,0.994722146,0.991831653,0.187502367,0.211086186,0.328355788,0.0772,0.9954
82,0.158847931,0.434795804,0.353109719,0.431191558,0.324513421,0.369604899,0.296866143,0.332421879,0.214611833,0.281299951,0.435646256,0.613465261,0.665115631,0.571409049,0.353109719,0.431191558,0.324513421,0.369604899,0.997171688,0.991741245,0.995306744,0.176707378,0.216692483,0.293925839,0.0772,0.9954
83,0.158847449,0.42963822,0.361246626,0.440082908,0.362981059,0.388103531,0.279092019,0.361745747,0.252556574,0.297798113,0.511944629,0.561726526,0.644986313,0.572885823,0.361246626,0.440082908,0.362981059,0.388103531,0.996375305,0.993356035,0.996319418,0.202017742,0.238501027,0.398464557,0.0772,0.9954
84,0.15884659,0.451686729,0.252678119,0.308182697,0.191810225,0.250890347,0.162355924,0.215252403,0.109892971,0.162500433,0.569508053,0.542314601,0.753460427,0.621761027,0.252678119,0.308182697,0.191810225,0.250890347,0.991946081,0.986746048,0.988232637,0.19673352,0.231448974,0.424476016,0.0772,0.9954
85,0.158846027,0.448411748,0.335875236,0.395656202,0.265465645,0.332332361,0.258664617,0.310674659,0.163605284,0.244314853,0.478793748,0.544634935,0.703403287,0.575610657,0.335875236,0.395656202,0.265465645,0.332332361,0.996238663,0.991899049,0.993066305,0.207727217,0.236772346,0.370926168,0.0772,0.9954
86,0.158844478,0.463977945,0.204442596,0.29482709,0.127995545,0.20908841,0.122730263,0.219762714,0.069600345,0.137364441,0.611715255,0.447772949,0.795039514,0.618175906,0.204442596,0.29482709,0.127995545,0.20908841,0.988014758,0.989342811,0.97950758,0.157072537,0.210585164,0.179756636,0.0772,0.9954
87,0.158844583,0.445993018,0.280518499,0.347778733,0.250546694,0.292947975,0.183354944,0.26133021,0.151111203,0.198598786,0.596747015,0.519694717,0.732653909,0.616365214,0.280518499,0.347778733,0.250546694,0.292947975,0.992714708,0.99015261,0.992064041,0.183968677,0.203620921,0.345531098,0.0772,0.9954
88,0.158843992,0.443636347,0.296192237,0.34714889,0.232536833,0.29195932,0.202558944,0.253870664,0.137640922,0.19802351,0.550801274,0.548786236,0.748779431,0.616122313,0.296192237,0.34714889,0.232536833,0.29195932,0.994056283,0.989187729,0.990954328,0.189050248,0.27460264,0.440124382,0.0772,0.9954
89,0.158843192,0.439999837,0.336089731,0.391552546,0.30215999,0.343267422,0.243155311,0.303191768,0.193982634,0.246776571,0.544012234,0.552599552,0.683102396,0.593238061,0.336089731,0.391552546,0.30215999,0.343267422,0.995358614,0.991486297,0.994527148,0.145234137,0.206450659,0.28318969,0.0772,0.9954
90,0.158842691,0.459402873,0.275328272,0.337483033,0.224874024,0.279228443,0.182548493,0.246751287,0.133244869,0.187514883,0.559891741,0.533743225,0.719999879,0.604544948,0.275328272,0.337483033,0.224874024,0.279228443,0.993127673,0.989077465,0.990969231,0.229721323,0.24291228,0.391390116,0.0772,0.9954
91,0.15884208,0.463348484,0.212390442,0.288903735,0.135730093,0.212341423,0.13008723,0.202294408,0.074321892,0.135567843,0.578211818,0.50519574,0.781164459,0.621524006,0.212390442,0.288903735,0.135730093,0.212341423,0.989401509,0.98664541,0.981240032,0.14810324,0.204329174,0.226835244,0.0772,0.9954
92,0.158841386,0.458781849,0.21710647,0.265644047,0.175577554,0.21944269,0.132872283,0.171827945,0.099494184,0.134731471,0.593103657,0.585104377,0.746191272,0.641466435,0.21710647,0.265644047,0.175577554,0.21944269,0.989390491,0.981095194,0.98697777,0.242333358,0.27837689,0.39158036,0.0772,0.9954
93,0.158840649,0.445555552,0.314118076,0.389525178,0.257269221,0.320304158,0.217947986,0.326979196,0.155816343,0.233581175,0.562182497,0.481658971,0.737384013,0.593741827,0.314118076,0.389525178,0.257269221,0.320304158,0.994470624,0.993354003,0.992296927,0.19285083,0.215813903,0.346988147,0.0772,0.9954
94,0.158839947,0.424866172,0.360981888,0.451539455,0.374216555,0.395579299,0.275475223,0.37431536,0.263726669,0.304505751,0.523463289,0.568909872,0.644041748,0.57880497,0.360981888,0.451539455,0.374216555,0.395579299,0.996226252,0.993625099,0.996533067,0.145885756,0.202800925,0.199732367,0.0772,0.9954
95,0.158839778,0.445174786,0.281906459,0.321039327,0.256724336,0.286556708,0.183537008,0.230309888,0.155950838,0.189932578,0.607511479,0.529719829,0.725594522,0.620941943,0.281906459,0.321039327,0.256724336,0.286556708,0.9925923,0.988132434,0.992427829,0.250645441,0.270839371,0.448975224,0.0772,0.9954
96,0.158838795,0.425903566,0.369178831,0.44830529,0.337058603,0.384847574,0.290309617,0.37172322,0.223318777,0.295117204,0.506885928,0.564629791,0.686915823,0.586143847,0.369178831,0.44830529,0.337058603,0.384847574,0.996603483,0.993602545,0.995393538,0.192606807,0.219755897,0.288159956,0.0772,0.9954
97,0.15883799,0.434288503,0.340130275,0.36062987,0.326273209,0.342344451,0.252434418,0.255640504,0.21717753,0.241750817,0.52119302,0.611954232,0.65560692,0.596251391,0.340130275,0.36062987,0.326273209,0.342344451,0.99576927,0.988055056,0.995443427,0.200234645,0.251847415,0.342962869,0.0772,0.9954
98,0.158837759,0.446504861,0.305182368,0.407929687,0.24226969,0.318460582,0.211353554,0.349820553,0.144931209,0.235368439,0.548832342,0.489189588,0.737768994,0.591930308,0.305182368,0.407929687,0.24226969,0.318460582,0.994386567,0.993904951,0.991607218,0.188687248,0.229699093,0.349667448,0.0772,0.9954
99,0.158837298,0.432223898,0.361707926,0.466616374,0.323941018,0.384088439,0.278416804,0.416037192,0.212875994,0.30244333,0.516106149,0.531195816,0.677326478,0.574876148,0.361707926,0.466616374,0.323941018,0.384088439,0.996333548,0.995001729,0.995170959,0.230921661,0.250438233,0.419155605,0.0772,0.9954
100,0.158836141,0.432331382,0.350088329,0.403844152,0.32235198,0.358761487,0.263320568,0.311348932,0.211971489,0.262213663,0.522140993,0.574522792,0.672593343,0.589752376,0.350088329,0.403844152,0.32235198,0.358761487,0.995995968,0.991481341,0.995178708,0.178615286,0.189647485,0.311053466,0.0772,0.9954
101,0.158835269,0.453578939,0.28381381,0.363757174,0.177682075,0.275084353,0.19158134,0.302362691,0.100162806,0.198035612,0.547297914,0.456436137,0.785969741,0.596567931,0.28381381,0.363757174,0.177682075,0.275084353,0.99366972,0.99294018,0.98638525,0.197844506,0.240872281,0.313162624,0.0772,0.9954
102,0.158834982,0.444111661,0.326454859,0.374019216,0.251850115,0.317441397,0.238664417,0.275638477,0.152155475,0.22215279,0.516412181,0.581605567,0.730456793,0.609491513,0.326454859,0.374019216,0.251850115,0.317441397,0.995484551,0.989753956,0.992151809,0.226763839,0.238264537,0.341682103,0.0772,0.9954
103,0.158834496,0.430294565,0.349119699,0.450002025,0.326887864,0.375336529,0.252561725,0.405034578,0.213297729,0.290298011,0.565206108,0.506201107,0.699289151,0.590232122,0.349119699,0.450002025,0.326887864,0.375336529,0.995415092,0.995015348,0.995026898,0.148171861,0.190172121,0.25744447,0.0772,0.9954
104,0.158833603,0.429003442,0.372577431,0.535860972,0.410774616,0.439737673,0.293091711,0.594274639,0.303058077,0.396808142,0.511218604,0.487903005,0.637286707,0.545469439,0.372577431,0.535860972,0.410774616,0.439737673,0.996620268,0.997766991,0.997174131,0.226593719,0.250700848,0.347420175,0.0772,0.9954
105,0.158832879,0.430968637,0.338187746,0.413833385,0.327816504,0.359945878,0.239859394,0.344747731,0.215232761,0.266613295,0.573142874,0.517547143,0.687360217,0.592683411,0.338187746,0.413833385,0.327816504,0.359945878,0.995021298,0.993405693,0.995167596,0.190300147,0.205444501,0.320640194,0.0772,0.9954
106,0.158832508,0.423877276,0.372297143,0.474125267,0.374668403,0.407030271,0.313585125,0.397271623,0.261545696,0.324134148,0.458058709,0.587846272,0.66022729,0.568710757,0.372297143,0.474125267,0.374668403,0.407030271,0.997251673,0.994021256,0.996405687,0.200270245,0.236554806,0.334138921,0.0772,0.9954
107,0.1588321,0.448734193,0.251654322,0.30807304,0.206879156,0.255535506,0.159122854,0.218578027,0.119784264,0.165828382,0.601338345,0.521664277,0.758071097,0.627024573,0.251654322,0.30807304,0.206879156,0.255535506,0.991289664,0.987497919,0.989258976,0.186471536,0.211892352,0.261555744,0.0772,0.9954
108,0.158831056,0.450448921,0.243053187,0.301371945,0.191908984,0.245444705,0.153683459,0.207743031,0.10979464,0.15707371,0.580797509,0.548643087,0.761212173,0.63021759,0.243053187,0.301371945,0.191908984,0.245444705,0.991233092,0.985973748,0.988099611,0.144180423,0.192088286,0.248361503,0.0772,0.9954
109,0.158830473,0.447205407,0.295866813,0.383497046,0.267617514,0.315660458,0.198659376,0.312144123,0.16437434,0.22505928,0.579355276,0.49713756,0.719591254,0.598694697,0.295866813,0.383497046,0.267617514,0.315660458,0.993594263,0.992656029,0.992946413,0.235093816,0.25137778,0.350810484,0.0772,0.9954
110,0.158829992,0.443507755,0.290726055,0.323526333,0.262793418,0.292348602,0.195380727,0.223678166,0.160999299,0.193352731,0.567821677,0.58439617,0.714625917,0.622281255,0.290726055,0.323526333,0.262793418,0.292348602,0.993590315,0.98640317,0.992819355,0.208112021,0.230729838,0.302036926,0.0772,0.9954
111,0.158829254,0.454767752,0.24137456,0.301581732,0.188658934,0.243871742,0.152923763,0.207451203,0.107786875,0.156053947,0.572517579,0.552092488,0.755530227,0.626713431,0.24137456,0.301581732,0.188658934,0.243871742,0.991307347,0.985860502,0.987941287,0.168537548,0.203007084,0.292834618,0.0772,0.9954
112,0.15882819,0.441799559,0.33591312,0.419296573,0.293886479,0.349698724,0.247272987,0.350850115,0.186886864,0.261669989,0.523613104,0.520921903,0.687512997,0.577349335,0.33591312,0.419296573,0.293886479,0.349698724,0.995630947,0.993538876,0.994232342,0.237142261,0.256353847,0.417545154,0.0772,0.9954
113,0.15882801,0.435715899,0.352198446,0.396269791,0.289971136,0.346146458,0.274804423,0.298827981,0.182007217,0.251879874,0.490276555,0.588007116,0.712783468,0.59702238,0.352198446,0.396269791,0.289971136,0.346146458,0.996453593,0.990750931,0.993823181,0.252300516,0.262601625,0.394475374,0.0772,0.9954
114,0.158826457,0.440721414,0.291768967,0.310159499,0.261741334,0.287889933,0.195622513,0.211169413,0.159938902,0.188910276,0.57377201,0.583852662,0.720075056,0.625899909,0.291768967,0.310159499,0.261741334,0.287889933,0.993533095,0.985379302,0.992707425,0.253531752,0.268330396,0.432423615,0.0772,0.9954
115,0.158826455,0.447564269,0.271005156,0.332025822,0.236071501,0.279700827,0.175023201,0.244791472,0.14028475,0.186699808,0.600094157,0.515857923,0.744240907,0.620064329,0.271005156,0.332025822,0.236071501,0.279700827,0.99224679,0.989331268,0.991205643,0.206997778,0.223763938,0.287932717,0.0772,0.9954
116,0.158826048,0.459542199,0.199154565,0.293894616,0.1608395,0.217962894,0.118403144,0.211497166,0.089867489,0.1399226,0.626280148,0.481471845,0.764957698,0.624236563,0.199154565,0.293894616,0.1608395,0.217962894,0.987218216,0.987966784,0.985062228,0.234695062,0.259852822,0.355514563,0.0772,0.9954
117,0.15882458,0.454825701,0.277639946,0.353217223,0.196163285,0.275673484,0.185482916,0.276713023,0.112602941,0.191599627,0.5518026,0.488189302,0.760557403,0.600183102,0.277639946,0.353217223,0.196163285,0.275673484,0.993358043,0.99144576,0.98844296,0.165962071,0.206231236,0.237298703,0.0772,0.9954
118,0.158824431,0.428700822,0.36016277,0.452789794,0.363586336,0.392179633,0.279637558,0.373440501,0.253278959,0.302119006,0.505820152,0.574957844,0.644105406,0.574961134,0.36016277,0.452789794,0.363586336,0.392179633,0.99642836,0.993533206,0.99633847,0.159492229,0.188213999,0.25016987,0.0772,0.9954
119,0.15882402,0.442287202,0.331872733,0.39267317,0.279977626,0.334841176,0.244112013,0.305866132,0.175101673,0.241693272,0.51815447,0.548278646,0.698099652,0.58817759,0.331872733,0.39267317,0.279977626,0.334841176,0.995602118,0.991658862,0.993658764,0.238482152,0.256335293,0.413133948,0.0772,0.9954
120,0.158823285,0.433167147,0.352007828,0.474661492,0.324362044,0.383677121,0.251793381,0.479295927,0.209825693,0.313638333,0.58473324,0.470115822,0.714240331,0.589696464,0.352007828,0.474661492,0.324362044,0.383677121,0.995237324,0.996576233,0.994813732,0.170705473,0.206707699,0.254957129,0.0772,0.9954
121,0.158823164,0.433315068,0.324265662,0.343447792,0.33141006,0.333041171,0.224327449,0.244616942,0.21975824,0.229567543,0.584790861,0.576276841,0.673688869,0.611585524,0.324265662,0.343447792,0.33141006,0.333041171,0.994457412,0.988070452,0.995387995,0.249529078,0.256880507,0.377625711,0.0772,0.9954
122,0.158821961,0.438161129,0.349865621,0.46647145,0.38039303,0.398910033,0.281294142,0.383063266,0.278016796,0.314124734,0.462645344,0.596312521,0.602114057,0.553690641,0.349865621,0.46647145,0.38039303,0.398910033,0.996759928,0.993561923,0.996985042,0.21036865,0.234236296,0.362350402,0.0772,0.9954
123,0.158820781,0.455423606,0.219101307,0.295890268,0.148061803,0.221017793,0.133843453,0.211702992,0.081652986,0.14239981,0.60357959,0.49124027,0.793069748,0.629296536,0.219101307,0.295890268,0.148061803,0.221017793,0.989293443,0.987737784,0.982801423,0.246102482,0.247129528,0.424313702,0.0772,0.9954
124,0.158820596,0.446053612,0.298154177,0.314063028,0.287545546,0.299920917,0.203726371,0.211565349,0.182694913,0.199328878,0.555742599,0.609207607,0.67484866,0.613266289,0.298154177,0.314063028,0.287545546,0.299920917,0.994046055,0.984780563,0.994178827,0.139917922,0.172963076,0.221585687,0.0772,0.9954
125,0.158819867,0.453942331,0.272420248,0.340557595,0.218963304,0.277313716,0.179929022,0.253464443,0.128556906,0.18731679,0.560584901,0.518834952,0.737847202,0.605755685,0.272420248,0.340557595,0.218963304,0.277313716,0.992996621,0.989755877,0.990356017,0.257387486,0.226755499,0.451027433,0.0772,0.9954
126,0.158819462,0.463968123,0.224111074,0.304536003,0.128977406,0.219208161,0.13925837,0.226327995,0.070171347,0.145252571,0.573641402,0.465332356,0.796330259,0.611768006,0.224111074,0.304536003,0.128977412,0.219208163,0.990281304,0.989336643,0.979653828,0.169028992,0.194453479,0.312976514,0.0772,0.9954
127,0.158818927,0.449908949,0.28995201,0.367718669,0.210496888,0.289389189,0.197336789,0.288984005,0.122159117,0.202826637,0.546384087,0.505422815,0.760292464,0.604033122,0.28995201,0.367718669,0.210496888,0.289389189,0.993908288,0.991663716,0.989465426,0.186081304,0.187843196,0.318851491,0.0772,0.9954
128,0.158817674,0.434144994,0.364055177,0.457526767,0.311887006,0.377822984,0.284912553,0.399582906,0.201176789,0.295224083,0.504077009,0.535125823,0.693564766,0.577589199,0.364055177,0.457526767,0.311887006,0.377822984,0.996532149,0.994609685,0.994689857,0.143034814,0.181461127,0.220073804,0.0772,0.9954
129,0.158817384,0.427966063,0.35443766,0.410640857,0.343990306,0.369689608,0.268769063,0.312262695,0.229619657,0.270217138,0.520271084,0.599518903,0.685358926,0.601716304,0.35443766,0.410640857,0.343990306,0.369689608,0.996120096,0.991148488,0.995566358,0.182496674,0.214683247,0.379680414,0.0772,0.9954
130,0.158817243,0.426203558,0.359306746,0.436148101,0.338526079,0.377993642,0.272049765,0.352448982,0.224665749,0.283054832,0.528967166,0.571981516,0.686385338,0.595778007,0.359306746,0.436148101,0.338526079,0.377993642,0.996120301,0.992955149,0.995432627,0.242909684,0.214192826,0.390501887,0.0772,0.9954
131,0.158816514,0.435148183,0.397135604,0.551123048,0.451449474,0.466569375,0.398985726,0.550182411,0.370206351,0.439791496,0.395302562,0.552066907,0.578376232,0.5085819,0.397135604,0.551123048,0.451449474,0.466569375,0.998367801,0.996974246,0.998102808,0.235247506,0.264743414,0.414625172,0.0772,0.9954
132,0.158815984,0.430616633,0.35707203,0.441901931,0.315559727,0.371511229,0.259421376,0.390128996,0.20182244,0.283790937,0.572613614,0.509518748,0.723016669,0.601716344,0.35707203,0.441901931,0.315559727,0.371511229,0.995519329,0.994660482,0.994486533,0.178524098,0.226401539,0.254116794,0.0772,0.9954
133,0.158814565,0.450445319,0.262007104,0.310541921,0.219297615,0.26394888,0.168848223,0.219338641,0.128711977,0.172299614,0.584486964,0.531577252,0.740334114,0.618799443,0.262007104,0.310541921,0.219297615,0.26394888,0.992113675,0.987316882,0.99033689,0.238661251,0.207990259,0.414252452,0.0772,0.9954
134,0.158813893,0.455724405,0.27339452,0.317476522,0.246325882,0.279065641,0.18207282,0.216188138,0.149555227,0.182605395,0.548507956,0.597343819,0.697918378,0.614590051,0.27339452,0.317476522,0.246325882,0.279065641,0.993245885,0.985481677,0.992347637,0.178486241,0.17944239,0.350158082,0.0772,0.9954
135,0.158813342,0.423110839,0.359864091,0.458462352,0.413599609,0.410642017,0.292454542,0.366891083,0.309869365,0.323071663,0.467657094,0.610946762,0.621725015,0.56677629,0.359864091,0.458462352,0.413599609,0.410642017,0.99689873,0.992932648,0.997330085,0.154648638,0.173501029,0.259250169,0.0772,0.9954
136,0.158812375,0.428900138,0.360335795,0.477750283,0.383476588,0.407187555,0.282632073,0.407300995,0.274879374,0.321604147,0.496966145,0.577667149,0.633921312,0.569518202,0.360335795,0.477750283,0.383476588,0.407187555,0.996542491,0.994364811,0.996775593,0.172029493,0.203646714,0.254903394,0.0772,0.9954
137,0.158811506,0.431504126,0.364966057,0.531454049,0.403438931,0.433286346,0.30793495,0.514276499,0.298992373,0.373734608,0.447923807,0.549818761,0.620034739,0.539259102,0.364966057,0.531454049,0.403438931,0.433286346,0.997240642,0.996518839,0.997196987,0.25044331,0.269432926,0.4316968,0.0772,0.9954
138,0.158811684,0.433738432,0.371612238,0.49832848,0.320996714,0.396979144,0.30503437,0.473771271,0.20938857,0.32939807,0.475367644,0.525570631,0.687387499,0.562775258,0.371612238,0.49832848,0.320996714,0.396979144,0.997031342,0.996086647,0.99499553,0.269921805,0.27832892,0.43757268,0.0772,0.9954
139,0.158809508,0.433109582,0.353734168,0.382498264,0.338304737,0.358179056,0.262907061,0.281371957,0.22638417,0.256887729,0.540441864,0.597097822,0.669093356,0.602211014,0.353734168,0.382498264,0.338304737,0.358179056,0.995846779,0.989776939,0.995591281,0.19627654,0.223502453,0.372994533,0.0772,0.9954
140,0.158809224,0.421567908,0.389678509,0.519319746,0.456663594,0.455220616,0.318663294,0.481401166,0.365121209,0.388395223,0.501422173,0.563722543,0.609468091,0.558204269,0.389678509,0.519319746,0.456663594,0.455220616,0.99706134,0.995928992,0.997956611,0.198349387,0.201532528,0.35184874,0.0772,0.9954
141,0.158809086,0.446740727,0.276241023,0.348824537,0.222959569,0.282675043,0.180000287,0.269125138,0.130670762,0.193265396,0.593645295,0.495589736,0.759062346,0.616099126,0.276241023,0.348824537,0.222959569,0.282675043,0.992587178,0.990977577,0.990262899,0.165749257,0.21419216,0.272470037,0.0772,0.9954
142,0.158808459,0.467129351,0.210911206,0.308385124,0.147836087,0.222377472,0.127223715,0.238118435,0.08171698,0.14901971,0.616335182,0.437482391,0.774510666,0.609442746,0.210911206,0.308385124,0.147836087,0.222377472,0.988410416,0.990616451,0.98321822,0.240336285,0.266873535,0.391482562,0.0772,0.9954
143,0.158807736,0.457125275,0.218914118,0.310235124,0.179700195,0.236283146,0.133573989,0.226901184,0.101914775,0.154129983,0.606238695,0.490311821,0.758996869,0.618515795,0.218914118,0.310235124,0.179700195,0.236283146,0.989221229,0.98880091,0.987103651,0.196680783,0.213598061,0.35821688,0.0772,0.9954
144,0.158806528,0.436216339,0.34909027,0.407020377,0.28872986,0.348280169,0.265409388,0.319655715,0.181149693,0.255404932,0.509836553,0.560100733,0.710937382,0.593624889,0.34909027,0.407020377,0.28872986,0.348280169,0.996132093,0.99200857,0.993803526,0.237169271,0.267709318,0.371585418,0.0772,0.9954
145,0.158806167,0.447689458,0.298191604,0.289848563,0.314545031,0.300861733,0.205146271,0.186698658,0.208794668,0.200213199,0.545694769,0.647697503,0.637350365,0.610247546,0.298191604,0.289848541,0.314545031,0.300861725,0.99420452,0.981085511,0.995343127,0.209576663,0.217613832,0.381251015,0.0772,0.9954
146,0.158805681,0.429214543,0.361670236,0.458890847,0.334380129,0.384980404,0.268304385,0.415580654,0.220248193,0.301377744,0.55469603,0.512278514,0.694018255,0.5869976,0.361670236,0.458890847,0.334380129,0.384980404,0.995853576,0.995170663,0.995262368,0.20218496,0.231754525,0.318004272,0.0772,0.9954
147,0.158805602,0.456538152,0.275306458,0.337546554,0.203000422,0.271951145,0.185491459,0.247084403,0.117502805,0.183359555,0.533746725,0.532507278,0.745289144,0.603847716,0.275306458,0.337546554,0.203000422,0.271951145,0.993575742,0.989122261,0.989207147,0.204294009,0.21441136,0.374484318,0.0772,0.9954
148,0.158804697,0.445025574,0.294297285,0.345482555,0.250485898,0.296755246,0.195703501,0.260681087,0.15084086,0.202408482,0.593092133,0.512059149,0.738019382,0.614390221,0.294297285,0.345482555,0.250485898,0.296755246,0.99331878,0.990264584,0.991989046,0.158006526,0.187022931,0.278422948,0.0772,0.9954
149,0.158803475,0.446739475,0.313834312,0.396952606,0.251189865,0.320658928,0.222445379,0.319804941,0.151709566,0.231319962,0.532678815,0.523155157,0.729627418,0.595153797,0.313834312,0.396952606,0.251189865,0.320658928,0.994896255,0.992540823,0.992133544,0.222191051,0.241031014,0.390568799,0.0772,0.9954
150,0.158803097,0.468374748,0.204626275,0.295465059,0.107362834,0.202484723,0.122903132,0.229317781,0.057404017,0.136541643,0.610714356,0.415242893,0.82778891,0.617915386,0.204626275,0.295465059,0.10736283,0.202484722,0.988053553,0.990644825,0.973791071,0.1878122,0.220233206,0.321245798,0.0772,0.9954
151,0.158802842,0.460183753,0.233643074,0.328330292,0.174510059,0.245494475,0.145149084,0.250962768,0.098519814,0.164877222,0.598588327,0.474659773,0.763117067,0.612121723,0.233643074,0.328330292,0.174510059,0.245494475,0.990336814,0.990502952,0.986536123,0.195947292,0.247120607,0.329301352,0.0772,0.9954
152,0.158802183,0.459500013,0.229236534,0.313111418,0.162608066,0.234985339,0.141941907,0.234125861,0.090840045,0.155635938,0.595423438,0.472523762,0.774502178,0.614149793,0.229236534,0.313111418,0.162608066,0.234985339,0.990133843,0.989637995,0.985053759,0.241958947,0.258051713,0.429782543,0.0772,0.9954
153,0.158801297,0.475190658,0.21004125,0.29989401,0.101286686,0.203740649,0.127372561,0.233142432,0.053963703,0.138159566,0.59846028,0.420203498,0.823074568,0.613912782,0.21004125,0.29989401,0.10128669,0.20374065,0.988761604,0.990734579,0.97217779,0.273900796,0.271393507,0.472103471,0.0772,0.9954
154,0.158801255,0.431954071,0.366808122,0.445162762,0.306961435,0.37297744,0.288434435,0.38705584,0.195826394,0.29043889,0.503664272,0.523798185,0.709767284,0.57907658,0.366808122,0.445162762,0.306961435,0.37297744,0.996594154,0.994439378,0.99437994,0.238256563,0.2654764,0.407575873,0.0772,0.9954
155,0.158800393,0.430622607,0.363982664,0.470191069,0.348883595,0.394352443,0.277214352,0.420759495,0.235742145,0.311238664,0.529815263,0.532783413,0.670849109,0.577815928,0.363982664,0.470191069,0.348883595,0.394352443,0.996213532,0.99508314,0.995806526,0.235598754,0.229442902,0.377574595,0.0772,0.9954
156,0.158800474,0.427002376,0.354764023,0.440453937,0.403191588,0.399469849,0.262650355,0.361426682,0.296239297,0.306772111,0.546386221,0.563711504,0.631005769,0.580367831,0.354764023,0.440453937,0.403191588,0.399469849,0.99579553,0.993323335,0.997109573,0.19409113,0.221153018,0.272849937,0.0772,0.9954
157,0.158799476,0.443562282,0.311973598,0.355318514,0.276221248,0.314504453,0.220074304,0.255067587,0.17209149,0.21574446,0.535653342,0.58540364,0.699442536,0.606833173,0.311973598,0.355318514,0.276221248,0.314504453,0.994796642,0.988538825,0.993511843,0.225047576,0.230778203,0.375555834,0.0772,0.9954
158,0.158799083,0.454099727,0.258762952,0.344486033,0.178828274,0.260692419,0.167313366,0.268196687,0.101167779,0.17889261,0.570687364,0.48143032,0.769619294,0.607245659,0.258762952,0.344486033,0.178828274,0.260692419,0.992214881,0.991193841,0.986815649,0.142680311,0.186478299,0.194372247,0.0772,0.9954
159,0.158797891,0.443047244,0.29874599,0.351027483,0.238613981,0.296129152,0.203222851,0.26009199,0.142071176,0.201795339,0.563715644,0.539733551,0.744594361,0.616014519,0.29874599,0.351027483,0.238613981,0.296129152,0.993941844,0.989706993,0.991330154,0.197147453,0.211480349,0.367634877,0.0772,0.9954
160,0.158797723,0.432689386,0.357207248,0.446624195,0.360615665,0.388149036,0.295356415,0.3556676,0.252315443,0.301113153,0.451824112,0.600087466,0.631800586,0.561237388,0.357207248,0.446624195,0.360615665,0.388149036,0.997045333,0.992712269,0.996390052,0.180920284,0.191577727,0.275229821,0.0772,0.9954